drop table if exists test;
select extract(DAY FROM "1999-01-02 10:11:12.000123");
day('1999-01-02 10:11:12')
2
select extract(HOUR FROM "1999-01-02 10:11:12.000123");
hour('1999-01-02 10:11:12')
10
select extract(MINUTE FROM "1999-01-02 10:11:12.000123");
minute('1999-01-02 10:11:12')
11
select extract(SECOND FROM "1999-01-02 10:11:12.000123");
second('1999-01-02 10:11:12')
12
select date_format("1997-12-31 23:59:59.000002", "%f");
date_format('1997-12-31 23:59:59', '%f')
000000
select adddate("1997-12-31 23:59:59.000001", 10);
adddate('1997-12-31 23:59:59', 10)
1998-01-10 23:59:59
select subdate("1997-12-31 23:59:59.000001", 10);
subdate('1997-12-31 23:59:59', 10)
1997-12-21 23:59:59
select datediff("1997-12-31 23:59:59.000001","1997-12-30");
datediff('1997-12-31 23:59:59', '1997-12-30 00:00:00')
1
select datediff("1997-11-30 23:59:59.000001","1997-12-31");
datediff('1997-11-30 23:59:59', '1997-12-31 00:00:00')
-31
select datediff("1997-11-31 23:59:59.000001","1997-12-31");
datediff('1997-11-31 23:59:59.000001', '1997-12-31 00:00:00')
NULL
select datediff("1997-11-30 23:59:59.000001",null);
datediff('1997-11-30 23:59:59', NULL)
NULL
select weekofyear("1997-11-30 23:59:59.000001");
weekofyear('1997-11-30 23:59:59')
48
select makedate(03,1);
makedate(3, 1)
0003-01-01
select makedate('0003',1);
makedate(3, 1)
0003-01-01
select makedate(1997,1);
makedate(1997, 1)
1997-01-01
select makedate(1997,0);
makedate(1997, 0)
NULL
select makedate(9999,365);
makedate(9999, 365)
9999-12-31
select makedate(9999,366);
makedate(9999, 366)
NULL
select makedate(100,1);
makedate(100, 1)
0100-01-01
select timediff("1997-01-01 23:59:59.000001","1995-12-31 23:59:59.000002");
timediff('1997-01-01 23:59:59', '1995-12-31 23:59:59')
8808:00:00
select timediff("1997-12-31 23:59:59.000001","1997-12-30 01:01:01.000002");
timediff('1997-12-31 23:59:59', '1997-12-30 01:01:01')
46:58:58
select timediff("1997-12-30 23:59:59.000001","1997-12-31 23:59:59.000002");
timediff('1997-12-30 23:59:59', '1997-12-31 23:59:59')
-24:00:00
select timediff("1997-12-31 23:59:59.000001","23:59:59.000001");
timediff('1997-12-31 23:59:59', '23:59:59.000001')
NULL
select timediff("2000:01:01 00:00:00", "2000:01:01 00:00:00.000001");
timediff('2000:01:01 00:00:00', '2000:01:01 00:00:00.000001')
00:00:00
select timediff("2005-01-11 15:48:49.999999", "2005-01-11 15:48:50");
timediff('2005-01-11 15:48:49', '2005-01-11 15:48:50')
-00:00:01
select timestamp("2001-12-01 01:01:01.000100");
timestamp('2001-12-01 01:01:01')
2001-12-01 01:01:01
select timestamp("2001-12-01");
timestamp('2001-12-01 00:00:00')
2001-12-01 00:00:00
select day("1997-12-31 23:59:59.000001");
day('1997-12-31 23:59:59')
31
select date("1997-12-31 23:59:59.000001");
date('1997-12-31 23:59:59')
1997-12-31
select date("1997-13-31 23:59:59.000001");
date('1997-13-31 23:59:59.000001')
NULL
select str_to_date("2003-01-02 10:11:12.0012", "%Y-%m-%d %H:%i:%S.%f");
str_to_date('2003-01-02 10:11:12.0012', '%Y-%m-%d %H:%i:%S.%f')
2003-01-02 10:11:12
