SELECT FROM_UNIXTIME(2147483647);
from_unixtime(2147483647)
2038-01-19 11:14:07
SELECT FROM_UNIXTIME(2147483648);
from_unixtime(2147483648)
2038-01-19 11:14:08
SELECT UNIX_TIMESTAMP("2038-01-19 12:14:07");
unix_timestamp('2038-01-19 12:14:07')
0
# Overflow:
SELECT UNIX_TIMESTAMP("2038-01-19 12:14:08");
unix_timestamp('2038-01-19 12:14:08')
0
SET TIME_ZONE = "US/Pacific";
SELECT FROM_UNIXTIME(2147483647);
from_unixtime(2147483647)
2038-01-18 19:14:07
SELECT FROM_UNIXTIME(2147483648);
from_unixtime(2147483648)
2038-01-18 19:14:08
SELECT UNIX_TIMESTAMP('2038-01-18 19:14:07');
unix_timestamp('2038-01-18 19:14:07')
2147483647
# Overflow:
SELECT UNIX_TIMESTAMP('2038-01-18 19:14:08');
unix_timestamp('2038-01-18 19:14:08')
0
SET TIME_ZONE = DEFAULT;
