CREATE TABLE t1
(pk INTEGER,
i1 TINYINT,
u1 SMALLINT,
i2 SMALLINT,
u2 INT,
i3 INT,
u3 INT,
i4 INTEGER,
u4 BIGINT,
i8 BIGINT,
u8 LARGEINT)
UNIQUE KEY(`pk`)
DISTRIBUTED BY HASH(pk) BUCKETS 1
PROPERTIES (
"replication_num" = "1"
   );
INSERT INTO t1 VALUES
(0, -128, 0, -32768, 0, -8388608, 0, -2147483648, 0, -9223372036854775808, 0),
(1, -1, 0, -1, 0, -1, 0, -1, 0, -1, 0),
(2, 0, 0, 0, 0, 0, 0, 0, 0, 0, 0),
(3, 1, 1, 1, 1, 1, 1, 1, 1, 1, 1),
(4, 127, 255, 32767, 65535, 8388607, 16777215, 2147483647, 4294967295,
9223372036854775807, 18446744073709551615);
DROP TABLE t1;
CREATE TABLE t2
(pk INTEGER,
f4 FLOAT,
f8 DOUBLE)
UNIQUE KEY(`pk`)
DISTRIBUTED BY HASH(pk) BUCKETS 1
PROPERTIES (
"replication_num" = "1"
   );
INSERT INTO t2 VALUES
(0, -3.402823e+38, -1.797693134862315708e+308),
(1, -1.175494e-38, -2.225073858507201383e-308),
(2, 0, 0),
(3, 1.175494e-38, 2.225073858507201383e-308),
(4, 3.402823e+38, 1.797693134862315708e+308);
SELECT f4 = -1.797693134862315708e+308 AS a,
f8 = -1.797693134862315708e+308 AS b
FROM t2;
a	b
0	1
0	0
0	0
0	0
0	0
SELECT f4 = '-1.797693134862315708e+308' AS a,
f8 = '-1.797693134862315708e+308' AS b
FROM t2;
a	b
0	1
0	0
0	0
0	0
0	0
SELECT f4 <> -1.797693134862315708e+308 AS a,
f8 <> -1.797693134862315708e+308 AS b
FROM t2;
a	b
1	0
1	1
1	1
1	1
1	1
SELECT f4 <> '-1.797693134862315708e+308' AS a,
f8 <> '-1.797693134862315708e+308' AS b
FROM t2;
a	b
1	0
1	1
1	1
1	1
1	1
SELECT f4 < -1.797693134862315708e+308 AS a,
f8 < -1.797693134862315708e+308 AS b
FROM t2;
a	b
0	0
0	0
0	0
0	0
0	0
SELECT f4 < '-1.797693134862315708e+308' AS a,
f8 < '-1.797693134862315708e+308' AS b
FROM t2;
a	b
0	0
0	0
0	0
0	0
0	0
SELECT f4 >= -1.797693134862315708e+308 AS a,
f8 >= -1.797693134862315708e+308 AS b
FROM t2;
a	b
1	1
1	1
1	1
1	1
1	1
SELECT f4 >= '-1.797693134862315708e+308' AS a,
f8 >= '-1.797693134862315708e+308' AS b
FROM t2;
a	b
1	1
1	1
1	1
1	1
1	1
SELECT f4 <= -1.797693134862315708e+308 AS a,
f8 <= -1.797693134862315708e+308 AS b
FROM t2;
a	b
0	1
0	0
0	0
0	0
0	0
SELECT f4 <= '-1.797693134862315708e+308' AS a,
f8 <= '-1.797693134862315708e+308' AS b
FROM t2;
a	b
0	1
0	0
0	0
0	0
0	0
SELECT f4 > -1.797693134862315708e+308 AS a,
f8 > -1.797693134862315708e+308 AS b
FROM t2;
a	b
1	0
1	1
1	1
1	1
1	1
SELECT f4 > '-1.797693134862315708e+308' AS a,
f8 > '-1.797693134862315708e+308' AS b
FROM t2;
a	b
1	0
1	1
1	1
1	1
1	1
SELECT f4 = -3.40282347e+38 AS a,
f8 = -3.40282347e+38 AS b
FROM t2;
a	b
0	0
0	0
0	0
0	0
0	0
SELECT f4 = '-3.40282347e+38' AS a,
f8 = '-3.40282347e+38' AS b
FROM t2;
a	b
0	0
0	0
0	0
0	0
0	0
SELECT f4 <> -3.40282347e+38 AS a,
f8 <> -3.40282347e+38 AS b
FROM t2;
a	b
1	1
1	1
1	1
1	1
1	1
SELECT f4 <> '-3.40282347e+38' AS a,
f8 <> '-3.40282347e+38' AS b
FROM t2;
a	b
1	1
1	1
1	1
1	1
1	1
SELECT f4 < -3.40282347e+38 AS a,
f8 < -3.40282347e+38 AS b
FROM t2;
a	b
0	1
0	0
0	0
0	0
0	0
SELECT f4 < '-3.40282347e+38' AS a,
f8 < '-3.40282347e+38' AS b
FROM t2;
a	b
0	1
0	0
0	0
0	0
0	0
SELECT f4 >= -3.40282347e+38 AS a,
f8 >= -3.40282347e+38 AS b
FROM t2;
a	b
1	0
1	1
1	1
1	1
1	1
SELECT f4 >= '-3.40282347e+38' AS a,
f8 >= '-3.40282347e+38' AS b
FROM t2;
a	b
1	0
1	1
1	1
1	1
1	1
SELECT f4 <= -3.40282347e+38 AS a,
f8 <= -3.40282347e+38 AS b
FROM t2;
a	b
0	1
0	0
0	0
0	0
0	0
SELECT f4 <= '-3.40282347e+38' AS a,
f8 <= '-3.40282347e+38' AS b
FROM t2;
a	b
0	1
0	0
0	0
0	0
0	0
SELECT f4 > -3.40282347e+38 AS a,
f8 > -3.40282347e+38 AS b
FROM t2;
a	b
1	0
1	1
1	1
1	1
1	1
SELECT f4 > '-3.40282347e+38' AS a,
f8 > '-3.40282347e+38' AS b
FROM t2;
a	b
1	0
1	1
1	1
1	1
1	1
SELECT f4 = -1.17549435e-38 AS a,
f8 = -1.17549435e-38 AS b
FROM t2;
a	b
0	0
0	0
0	0
0	0
0	0
SELECT f4 = '-1.17549435e-38' AS a,
f8 = '-1.17549435e-38' AS b
FROM t2;
a	b
0	0
0	0
0	0
0	0
0	0
SELECT f4 <> -1.17549435e-38 AS a,
f8 <> -1.17549435e-38 AS b
FROM t2;
a	b
1	1
1	1
1	1
1	1
1	1
SELECT f4 <> '-1.17549435e-38' AS a,
f8 <> '-1.17549435e-38' AS b
FROM t2;
a	b
1	1
1	1
1	1
1	1
1	1
SELECT f4 < -1.17549435e-38 AS a,
f8 < -1.17549435e-38 AS b
FROM t2;
a	b
1	1
0	0
0	0
0	0
0	0
SELECT f4 < '-1.17549435e-38' AS a,
f8 < '-1.17549435e-38' AS b
FROM t2;
a	b
1	1
0	0
0	0
0	0
0	0
SELECT f4 >= -1.17549435e-38 AS a,
f8 >= -1.17549435e-38 AS b
FROM t2;
a	b
0	0
1	1
1	1
1	1
1	1
SELECT f4 >= '-1.17549435e-38' AS a,
f8 >= '-1.17549435e-38' AS b
FROM t2;
a	b
0	0
1	1
1	1
1	1
1	1
SELECT f4 <= -1.17549435e-38 AS a,
f8 <= -1.17549435e-38 AS b
FROM t2;
a	b
1	1
0	0
0	0
0	0
0	0
SELECT f4 <= '-1.17549435e-38' AS a,
f8 <= '-1.17549435e-38' AS b
FROM t2;
a	b
1	1
0	0
0	0
0	0
0	0
SELECT f4 > -1.17549435e-38 AS a,
f8 > -1.17549435e-38 AS b
FROM t2;
a	b
0	0
1	1
1	1
1	1
1	1
SELECT f4 > '-1.17549435e-38' AS a,
f8 > '-1.17549435e-38' AS b
FROM t2;
a	b
0	0
1	1
1	1
1	1
1	1
SELECT f4 = -2.225073858507201383e-308 AS a,
f8 = -2.225073858507201383e-308 AS b
FROM t2;
a	b
0	0
0	1
0	0
0	0
0	0
SELECT f4 = '-2.225073858507201383e-308' AS a,
f8 = '-2.225073858507201383e-308' AS b
FROM t2;
a	b
0	0
0	1
0	0
0	0
0	0
SELECT f4 <> -2.225073858507201383e-308 AS a,
f8 <> -2.225073858507201383e-308 AS b
FROM t2;
a	b
1	1
1	0
1	1
1	1
1	1
SELECT f4 <> '-2.225073858507201383e-308' AS a,
f8 <> '-2.225073858507201383e-308' AS b
FROM t2;
a	b
1	1
1	0
1	1
1	1
1	1
SELECT f4 < -2.225073858507201383e-308 AS a,
f8 < -2.225073858507201383e-308 AS b
FROM t2;
a	b
1	1
1	0
0	0
0	0
0	0
SELECT f4 < '-2.225073858507201383e-308' AS a,
f8 < '-2.225073858507201383e-308' AS b
FROM t2;
a	b
1	1
1	0
0	0
0	0
0	0
SELECT f4 >= -2.225073858507201383e-308 AS a,
f8 >= -2.225073858507201383e-308 AS b
FROM t2;
a	b
0	0
0	1
1	1
1	1
1	1
SELECT f4 >= '-2.225073858507201383e-308' AS a,
f8 >= '-2.225073858507201383e-308' AS b
FROM t2;
a	b
0	0
0	1
1	1
1	1
1	1
SELECT f4 <= -2.225073858507201383e-308 AS a,
f8 <= -2.225073858507201383e-308 AS b
FROM t2;
a	b
1	1
1	1
0	0
0	0
0	0
SELECT f4 <= '-2.225073858507201383e-308' AS a,
f8 <= '-2.225073858507201383e-308' AS b
FROM t2;
a	b
1	1
1	1
0	0
0	0
0	0
SELECT f4 > -2.225073858507201383e-308 AS a,
f8 > -2.225073858507201383e-308 AS b
FROM t2;
a	b
0	0
0	0
1	1
1	1
1	1
SELECT f4 > '-2.225073858507201383e-308' AS a,
f8 > '-2.225073858507201383e-308' AS b
FROM t2;
a	b
0	0
0	0
1	1
1	1
1	1
SELECT f4 = 0 AS a,
f8 = 0 AS b
FROM t2;
a	b
0	0
0	0
1	1
0	0
0	0
SELECT f4 = '0' AS a,
f8 = '0' AS b
FROM t2;
a	b
0	0
0	0
1	1
0	0
0	0
SELECT f4 <> 0 AS a,
f8 <> 0 AS b
FROM t2;
a	b
1	1
1	1
0	0
1	1
1	1
SELECT f4 <> '0' AS a,
f8 <> '0' AS b
FROM t2;
a	b
1	1
1	1
0	0
1	1
1	1
SELECT f4 < 0 AS a,
f8 < 0 AS b
FROM t2;
a	b
1	1
1	1
0	0
0	0
0	0
SELECT f4 < '0' AS a,
f8 < '0' AS b
FROM t2;
a	b
1	1
1	1
0	0
0	0
0	0
SELECT f4 >= 0 AS a,
f8 >= 0 AS b
FROM t2;
a	b
0	0
0	0
1	1
1	1
1	1
SELECT f4 >= '0' AS a,
f8 >= '0' AS b
FROM t2;
a	b
0	0
0	0
1	1
1	1
1	1
SELECT f4 <= 0 AS a,
f8 <= 0 AS b
FROM t2;
a	b
1	1
1	1
1	1
0	0
0	0
SELECT f4 <= '0' AS a,
f8 <= '0' AS b
FROM t2;
a	b
1	1
1	1
1	1
0	0
0	0
SELECT f4 > 0 AS a,
f8 > 0 AS b
FROM t2;
a	b
0	0
0	0
0	0
1	1
1	1
SELECT f4 > '0' AS a,
f8 > '0' AS b
FROM t2;
a	b
0	0
0	0
0	0
1	1
1	1
SELECT f4 = 2.225073858507201383e-308 AS a,
f8 = 2.225073858507201383e-308 AS b
FROM t2;
a	b
0	0
0	0
0	0
0	1
0	0
SELECT f4 = '2.225073858507201383e-308' AS a,
f8 = '2.225073858507201383e-308' AS b
FROM t2;
a	b
0	0
0	0
0	0
0	1
0	0
SELECT f4 <> 2.225073858507201383e-308 AS a,
f8 <> 2.225073858507201383e-308 AS b
FROM t2;
a	b
1	1
1	1
1	1
1	0
1	1
SELECT f4 <> '2.225073858507201383e-308' AS a,
f8 <> '2.225073858507201383e-308' AS b
FROM t2;
a	b
1	1
1	1
1	1
1	0
1	1
SELECT f4 < 2.225073858507201383e-308 AS a,
f8 < 2.225073858507201383e-308 AS b
FROM t2;
a	b
1	1
1	1
1	1
0	0
0	0
SELECT f4 < '2.225073858507201383e-308' AS a,
f8 < '2.225073858507201383e-308' AS b
FROM t2;
a	b
1	1
1	1
1	1
0	0
0	0
SELECT f4 >= 2.225073858507201383e-308 AS a,
f8 >= 2.225073858507201383e-308 AS b
FROM t2;
a	b
0	0
0	0
0	0
1	1
1	1
SELECT f4 >= '2.225073858507201383e-308' AS a,
f8 >= '2.225073858507201383e-308' AS b
FROM t2;
a	b
0	0
0	0
0	0
1	1
1	1
SELECT f4 <= 2.225073858507201383e-308 AS a,
f8 <= 2.225073858507201383e-308 AS b
FROM t2;
a	b
1	1
1	1
1	1
0	1
0	0
SELECT f4 <= '2.225073858507201383e-308' AS a,
f8 <= '2.225073858507201383e-308' AS b
FROM t2;
a	b
1	1
1	1
1	1
0	1
0	0
SELECT f4 > 2.225073858507201383e-308 AS a,
f8 > 2.225073858507201383e-308 AS b
FROM t2;
a	b
0	0
0	0
0	0
1	0
1	1
SELECT f4 > '2.225073858507201383e-308' AS a,
f8 > '2.225073858507201383e-308' AS b
FROM t2;
a	b
0	0
0	0
0	0
1	0
1	1
SELECT f4 = 1.17549435e-38 AS a,
f8 = 1.17549435e-38 AS b
FROM t2;
a	b
0	0
0	0
0	0
0	0
0	0
SELECT f4 = '1.17549435e-38' AS a,
f8 = '1.17549435e-38' AS b
FROM t2;
a	b
0	0
0	0
0	0
0	0
0	0
SELECT f4 <> 1.17549435e-38 AS a,
f8 <> 1.17549435e-38 AS b
FROM t2;
a	b
1	1
1	1
1	1
1	1
1	1
SELECT f4 <> '1.17549435e-38' AS a,
f8 <> '1.17549435e-38' AS b
FROM t2;
a	b
1	1
1	1
1	1
1	1
1	1
SELECT f4 < 1.17549435e-38 AS a,
f8 < 1.17549435e-38 AS b
FROM t2;
a	b
1	1
1	1
1	1
1	1
0	0
SELECT f4 < '1.17549435e-38' AS a,
f8 < '1.17549435e-38' AS b
FROM t2;
a	b
1	1
1	1
1	1
1	1
0	0
SELECT f4 >= 1.17549435e-38 AS a,
f8 >= 1.17549435e-38 AS b
FROM t2;
a	b
0	0
0	0
0	0
0	0
1	1
SELECT f4 >= '1.17549435e-38' AS a,
f8 >= '1.17549435e-38' AS b
FROM t2;
a	b
0	0
0	0
0	0
0	0
1	1
SELECT f4 <= 1.17549435e-38 AS a,
f8 <= 1.17549435e-38 AS b
FROM t2;
a	b
1	1
1	1
1	1
1	1
0	0
SELECT f4 <= '1.17549435e-38' AS a,
f8 <= '1.17549435e-38' AS b
FROM t2;
a	b
1	1
1	1
1	1
1	1
0	0
SELECT f4 > 1.17549435e-38 AS a,
f8 > 1.17549435e-38 AS b
FROM t2;
a	b
0	0
0	0
0	0
0	0
1	1
SELECT f4 > '1.17549435e-38' AS a,
f8 > '1.17549435e-38' AS b
FROM t2;
a	b
0	0
0	0
0	0
0	0
1	1
SELECT f4 = 3.40282347e+38 AS a,
f8 = 3.40282347e+38 AS b
FROM t2;
a	b
0	0
0	0
0	0
0	0
0	0
SELECT f4 = '3.40282347e+38' AS a,
f8 = '3.40282347e+38' AS b
FROM t2;
a	b
0	0
0	0
0	0
0	0
0	0
SELECT f4 <> 3.40282347e+38 AS a,
f8 <> 3.40282347e+38 AS b
FROM t2;
a	b
1	1
1	1
1	1
1	1
1	1
SELECT f4 <> '3.40282347e+38' AS a,
f8 <> '3.40282347e+38' AS b
FROM t2;
a	b
1	1
1	1
1	1
1	1
1	1
SELECT f4 < 3.40282347e+38 AS a,
f8 < 3.40282347e+38 AS b
FROM t2;
a	b
1	1
1	1
1	1
1	1
1	0
SELECT f4 < '3.40282347e+38' AS a,
f8 < '3.40282347e+38' AS b
FROM t2;
a	b
1	1
1	1
1	1
1	1
1	0
SELECT f4 >= 3.40282347e+38 AS a,
f8 >= 3.40282347e+38 AS b
FROM t2;
a	b
0	0
0	0
0	0
0	0
0	1
SELECT f4 >= '3.40282347e+38' AS a,
f8 >= '3.40282347e+38' AS b
FROM t2;
a	b
0	0
0	0
0	0
0	0
0	1
SELECT f4 <= 3.40282347e+38 AS a,
f8 <= 3.40282347e+38 AS b
FROM t2;
a	b
1	1
1	1
1	1
1	1
1	0
SELECT f4 <= '3.40282347e+38' AS a,
f8 <= '3.40282347e+38' AS b
FROM t2;
a	b
1	1
1	1
1	1
1	1
1	0
SELECT f4 > 3.40282347e+38 AS a,
f8 > 3.40282347e+38 AS b
FROM t2;
a	b
0	0
0	0
0	0
0	0
0	1
SELECT f4 > '3.40282347e+38' AS a,
f8 > '3.40282347e+38' AS b
FROM t2;
a	b
0	0
0	0
0	0
0	0
0	1
SELECT f4 = 1.797693134862315708e+308 AS a,
f8 = 1.797693134862315708e+308 AS b
FROM t2;
a	b
0	0
0	0
0	0
0	0
0	1
SELECT f4 = '1.797693134862315708e+308' AS a,
f8 = '1.797693134862315708e+308' AS b
FROM t2;
a	b
0	0
0	0
0	0
0	0
0	1
SELECT f4 <> 1.797693134862315708e+308 AS a,
f8 <> 1.797693134862315708e+308 AS b
FROM t2;
a	b
1	1
1	1
1	1
1	1
1	0
SELECT f4 <> '1.797693134862315708e+308' AS a,
f8 <> '1.797693134862315708e+308' AS b
FROM t2;
a	b
1	1
1	1
1	1
1	1
1	0
SELECT f4 < 1.797693134862315708e+308 AS a,
f8 < 1.797693134862315708e+308 AS b
FROM t2;
a	b
1	1
1	1
1	1
1	1
1	0
SELECT f4 < '1.797693134862315708e+308' AS a,
f8 < '1.797693134862315708e+308' AS b
FROM t2;
a	b
1	1
1	1
1	1
1	1
1	0
SELECT f4 >= 1.797693134862315708e+308 AS a,
f8 >= 1.797693134862315708e+308 AS b
FROM t2;
a	b
0	0
0	0
0	0
0	0
0	1
SELECT f4 >= '1.797693134862315708e+308' AS a,
f8 >= '1.797693134862315708e+308' AS b
FROM t2;
a	b
0	0
0	0
0	0
0	0
0	1
SELECT f4 <= 1.797693134862315708e+308 AS a,
f8 <= 1.797693134862315708e+308 AS b
FROM t2;
a	b
1	1
1	1
1	1
1	1
1	1
SELECT f4 <= '1.797693134862315708e+308' AS a,
f8 <= '1.797693134862315708e+308' AS b
FROM t2;
a	b
1	1
1	1
1	1
1	1
1	1
SELECT f4 > 1.797693134862315708e+308 AS a,
f8 > 1.797693134862315708e+308 AS b
FROM t2;
a	b
0	0
0	0
0	0
0	0
0	0
SELECT f4 > '1.797693134862315708e+308' AS a,
f8 > '1.797693134862315708e+308' AS b
FROM t2;
a	b
0	0
0	0
0	0
0	0
0	0
DROP TABLE t2;
CREATE TABLE t4
(pk INTEGER,
fc CHAR(12),
vc VARCHAR(12))
UNIQUE KEY(`pk`)
DISTRIBUTED BY HASH(pk) BUCKETS 1
PROPERTIES (
"replication_num" = "1"
   );
INSERT INTO t4 VALUES
(0, "", "");
SELECT fc = "" AS a,
vc = "" AS b
FROM t4;
a	b
1	1
SELECT fc <> "" AS a,
vc <> "" AS b
FROM t4;
a	b
0	0
SELECT fc < "" AS a,
vc < "" AS b
FROM t4;
a	b
0	0
SELECT fc >= "" AS a,
vc >= "" AS b
FROM t4;
a	b
1	1
SELECT fc <= "" AS a,
vc <= "" AS b
FROM t4;
a	b
1	1
SELECT fc > "" AS a,
vc > "" AS b
FROM t4;
a	b
0	0
DROP TABLE t4;
CREATE TABLE t5
(pk INTEGER,
d DATE)
UNIQUE KEY(`pk`)
DISTRIBUTED BY HASH(pk) BUCKETS 1
PROPERTIES (
"replication_num" = "1"
    );
INSERT INTO t5 VALUES
(0, '0001-01-01'), (1, '2017-01-01'), (2, '9999-12-31');
SELECT d = '0001-01-01' AS a
FROM t5;
a
1
0
0
SELECT d = 00010101 AS a
FROM t5;
a
0
0
0
SELECT d = '0001-01-01 00:00:00.000000' AS a
FROM t5;
a
1
0
0
SELECT d = 00010101000000.0 AS a
FROM t5;
a
0
0
0
SELECT d <> '0001-01-01' AS a
FROM t5;
a
0
1
1
SELECT d <> 00010101 AS a
FROM t5;
a
1
1
1
SELECT d <> '0001-01-01 00:00:00.000000' AS a
FROM t5;
a
0
1
1
SELECT d <> 00010101000000.0 AS a
FROM t5;
a
1
1
1
SELECT d < '0001-01-01' AS a
FROM t5;
a
0
0
0
SELECT d < 00010101 AS a
FROM t5;
a
1
0
0
SELECT d < '0001-01-01 00:00:00.000000' AS a
FROM t5;
a
0
0
0
SELECT d < 00010101000000.0 AS a
FROM t5;
a
1
1
1
SELECT d >= '0001-01-01' AS a
FROM t5;
a
1
1
1
SELECT d >= 00010101 AS a
FROM t5;
a
0
1
1
SELECT d >= '0001-01-01 00:00:00.000000' AS a
FROM t5;
a
1
1
1
SELECT d >= 00010101000000.0 AS a
FROM t5;
a
0
0
0
SELECT d <= '0001-01-01' AS a
FROM t5;
a
1
0
0
SELECT d <= 00010101 AS a
FROM t5;
a
1
0
0
SELECT d <= '0001-01-01 00:00:00.000000' AS a
FROM t5;
a
1
0
0
SELECT d <= 00010101000000.0 AS a
FROM t5;
a
1
1
1
SELECT d > '0001-01-01' AS a
FROM t5;
a
0
1
1
SELECT d > 00010101 AS a
FROM t5;
a
0
1
1
SELECT d > '0001-01-01 00:00:00.000000' AS a
FROM t5;
a
0
1
1
SELECT d > 00010101000000.0 AS a
FROM t5;
a
0
0
0
SELECT d = '2017-01-01' AS a
FROM t5;
a
0
1
0
SELECT d = 20170101 AS a
FROM t5;
a
0
1
0
SELECT d = '2017-01-01 00:00:00.000000' AS a
FROM t5;
a
0
1
0
SELECT d = 20170101000000.0 AS a
FROM t5;
a
0
0
0
SELECT d <> '2017-01-01' AS a
FROM t5;
a
1
0
1
SELECT d <> 20170101 AS a
FROM t5;
a
1
0
1
SELECT d <> '2017-01-01 00:00:00.000000' AS a
FROM t5;
a
1
0
1
SELECT d <> 20170101000000.0 AS a
FROM t5;
a
1
1
1
SELECT d < '2017-01-01' AS a
FROM t5;
a
1
0
0
SELECT d < 20170101 AS a
FROM t5;
a
1
0
0
SELECT d < '2017-01-01 00:00:00.000000' AS a
FROM t5;
a
1
0
0
SELECT d < 20170101000000.0 AS a
FROM t5;
a
1
1
1
SELECT d >= '2017-01-01' AS a
FROM t5;
a
0
1
1
SELECT d >= 20170101 AS a
FROM t5;
a
0
1
1
SELECT d >= '2017-01-01 00:00:00.000000' AS a
FROM t5;
a
0
1
1
SELECT d >= 20170101000000.0 AS a
FROM t5;
a
0
0
0
SELECT d <= '2017-01-01' AS a
FROM t5;
a
1
1
0
SELECT d <= 20170101 AS a
FROM t5;
a
1
1
0
SELECT d <= '2017-01-01 00:00:00.000000' AS a
FROM t5;
a
1
1
0
SELECT d <= 20170101000000.0 AS a
FROM t5;
a
1
1
1
SELECT d > '2017-01-01' AS a
FROM t5;
a
0
0
1
SELECT d > 20170101 AS a
FROM t5;
a
0
0
1
SELECT d > '2017-01-01 00:00:00.000000' AS a
FROM t5;
a
0
0
1
SELECT d > 20170101000000.0 AS a
FROM t5;
a
0
0
0
SELECT d = '9999-12-31' AS a
FROM t5;
a
0
0
1
SELECT d = 99991231 AS a
FROM t5;
a
0
0
1
SELECT d = '9999-12-31 00:00:00.000000' AS a
FROM t5;
a
0
0
1
SELECT d = 99991231000000.0 AS a
FROM t5;
a
0
0
0
SELECT d <> '9999-12-31' AS a
FROM t5;
a
1
1
0
SELECT d <> 99991231 AS a
FROM t5;
a
1
1
0
SELECT d <> '9999-12-31 00:00:00.000000' AS a
FROM t5;
a
1
1
0
SELECT d <> 99991231000000.0 AS a
FROM t5;
a
1
1
1
SELECT d < '9999-12-31' AS a
FROM t5;
a
1
1
0
SELECT d < 99991231 AS a
FROM t5;
a
1
1
0
SELECT d < '9999-12-31 00:00:00.000000' AS a
FROM t5;
a
1
1
0
SELECT d < 99991231000000.0 AS a
FROM t5;
a
1
1
1
SELECT d >= '9999-12-31' AS a
FROM t5;
a
0
0
1
SELECT d >= 99991231 AS a
FROM t5;
a
0
0
1
SELECT d >= '9999-12-31 00:00:00.000000' AS a
FROM t5;
a
0
0
1
SELECT d >= 99991231000000.0 AS a
FROM t5;
a
0
0
0
SELECT d <= '9999-12-31' AS a
FROM t5;
a
1
1
1
SELECT d <= 99991231 AS a
FROM t5;
a
1
1
1
SELECT d <= '9999-12-31 00:00:00.000000' AS a
FROM t5;
a
1
1
1
SELECT d <= 99991231000000.0 AS a
FROM t5;
a
1
1
1
SELECT d > '9999-12-31' AS a
FROM t5;
a
0
0
0
SELECT d > 99991231 AS a
FROM t5;
a
0
0
0
SELECT d > '9999-12-31 00:00:00.000000' AS a
FROM t5;
a
0
0
0
SELECT d > 99991231000000.0 AS a
FROM t5;
a
0
0
0
DROP TABLE t5;
CREATE TABLE t7
(pk INTEGER,
dt1 DATETIME(0),
dt2 DATETIME(6))
UNIQUE KEY(`pk`)
DISTRIBUTED BY HASH(pk) BUCKETS 1
PROPERTIES (
"replication_num" = "1"
    );
INSERT INTO t7 VALUES
(0, '0001-01-01 00:00:00', '0001-01-01 00:00:00.000000'),
(1, '2017-01-01 11:59.59', '2017-01-01 11:59.59.555555'),
(2, '9999-12-31 23:59.59', '9999-12-31 23:59.59.999999');
SELECT dt1 = '0001-01-01' AS a,
dt2 = '0001-01-01' AS b
FROM t7;
a	b
1	1
0	0
0	0
SELECT dt1 = 00010101 AS a,
dt2 = 00010101 AS b
FROM t7;
a	b
0	0
0	0
0	0
SELECT dt1 = '0001-01-01 00:00:00.000000' AS a,
dt2 = '0001-01-01 00:00:00.000000' AS b
FROM t7;
a	b
1	1
0	0
0	0
SELECT dt1 = 00010101000000.000000 AS a,
dt2 = 00010101000000.000000 AS b
FROM t7;
a	b
1	1
0	0
0	0
SELECT dt1 <> '0001-01-01' AS a,
dt2 <> '0001-01-01' AS b
FROM t7;
a	b
0	0
1	1
1	1
SELECT dt1 <> 00010101 AS a,
dt2 <> 00010101 AS b
FROM t7;
a	b
1	1
1	1
1	1
SELECT dt1 <> '0001-01-01 00:00:00.000000' AS a,
dt2 <> '0001-01-01 00:00:00.000000' AS b
FROM t7;
a	b
0	0
1	1
1	1
SELECT dt1 <> 00010101000000.000000 AS a,
dt2 <> 00010101000000.000000 AS b
FROM t7;
a	b
0	0
1	1
1	1
SELECT dt1 < '0001-01-01' AS a,
dt2 < '0001-01-01' AS b
FROM t7;
a	b
0	0
0	0
0	0
SELECT dt1 < 00010101 AS a,
dt2 < 00010101 AS b
FROM t7;
a	b
1	1
0	0
0	0
SELECT dt1 < '0001-01-01 00:00:00.000000' AS a,
dt2 < '0001-01-01 00:00:00.000000' AS b
FROM t7;
a	b
0	0
0	0
0	0
SELECT dt1 < 00010101000000.000000 AS a,
dt2 < 00010101000000.000000 AS b
FROM t7;
a	b
0	0
0	0
0	0
SELECT dt1 >= '0001-01-01' AS a,
dt2 >= '0001-01-01' AS b
FROM t7;
a	b
1	1
1	1
1	1
SELECT dt1 >= 00010101 AS a,
dt2 >= 00010101 AS b
FROM t7;
a	b
0	0
1	1
1	1
SELECT dt1 >= '0001-01-01 00:00:00.000000' AS a,
dt2 >= '0001-01-01 00:00:00.000000' AS b
FROM t7;
a	b
1	1
1	1
1	1
SELECT dt1 >= 00010101000000.000000 AS a,
dt2 >= 00010101000000.000000 AS b
FROM t7;
a	b
1	1
1	1
1	1
SELECT dt1 <= '0001-01-01' AS a,
dt2 <= '0001-01-01' AS b
FROM t7;
a	b
1	1
0	0
0	0
SELECT dt1 <= 00010101 AS a,
dt2 <= 00010101 AS b
FROM t7;
a	b
1	1
0	0
0	0
SELECT dt1 <= '0001-01-01 00:00:00.000000' AS a,
dt2 <= '0001-01-01 00:00:00.000000' AS b
FROM t7;
a	b
1	1
0	0
0	0
SELECT dt1 <= 00010101000000.000000 AS a,
dt2 <= 00010101000000.000000 AS b
FROM t7;
a	b
1	1
0	0
0	0
SELECT dt1 > '0001-01-01' AS a,
dt2 > '0001-01-01' AS b
FROM t7;
a	b
0	0
1	1
1	1
SELECT dt1 > 00010101 AS a,
dt2 > 00010101 AS b
FROM t7;
a	b
0	0
1	1
1	1
SELECT dt1 > '0001-01-01 00:00:00.000000' AS a,
dt2 > '0001-01-01 00:00:00.000000' AS b
FROM t7;
a	b
0	0
1	1
1	1
SELECT dt1 > 00010101000000.000000 AS a,
dt2 > 00010101000000.000000 AS b
FROM t7;
a	b
0	0
1	1
1	1
SELECT dt1 = '2017-01-01' AS a,
dt2 = '2017-01-01' AS b
FROM t7;
a	b
0	0
0	0
0	0
SELECT dt1 = 20170101 AS a,
dt2 = 20170101 AS b
FROM t7;
a	b
0	0
0	0
0	0
SELECT dt1 = '2017-01-01 11:59:59' AS a,
dt2 = '2017-01-01 11:59:59' AS b
FROM t7;
a	b
0	0
1	0
0	0
SELECT dt1 = 20170101115959 AS a,
dt2 = 20170101115959 AS b
FROM t7;
a	b
0	0
1	0
0	0
SELECT dt1 <> '2017-01-01' AS a,
dt2 <> '2017-01-01' AS b
FROM t7;
a	b
1	1
1	1
1	1
SELECT dt1 <> 20170101 AS a,
dt2 <> 20170101 AS b
FROM t7;
a	b
1	1
1	1
1	1
SELECT dt1 <> '2017-01-01 11:59:59' AS a,
dt2 <> '2017-01-01 11:59:59' AS b
FROM t7;
a	b
1	1
0	1
1	1
SELECT dt1 <> 20170101115959 AS a,
dt2 <> 20170101115959 AS b
FROM t7;
a	b
1	1
0	1
1	1
SELECT dt1 < '2017-01-01' AS a,
dt2 < '2017-01-01' AS b
FROM t7;
a	b
1	1
0	0
0	0
SELECT dt1 < 20170101 AS a,
dt2 < 20170101 AS b
FROM t7;
a	b
1	1
0	0
0	0
SELECT dt1 < '2017-01-01 11:59:59' AS a,
dt2 < '2017-01-01 11:59:59' AS b
FROM t7;
a	b
1	1
0	0
0	0
SELECT dt1 < 20170101115959 AS a,
dt2 < 20170101115959 AS b
FROM t7;
a	b
1	1
0	0
0	0
SELECT dt1 >= '2017-01-01' AS a,
dt2 >= '2017-01-01' AS b
FROM t7;
a	b
0	0
1	1
1	1
SELECT dt1 >= 20170101 AS a,
dt2 >= 20170101 AS b
FROM t7;
a	b
0	0
1	1
1	1
SELECT dt1 >= '2017-01-01 11:59:59' AS a,
dt2 >= '2017-01-01 11:59:59' AS b
FROM t7;
a	b
0	0
1	1
1	1
SELECT dt1 >= 20170101115959 AS a,
dt2 >= 20170101115959 AS b
FROM t7;
a	b
0	0
1	1
1	1
SELECT dt1 <= '2017-01-01' AS a,
dt2 <= '2017-01-01' AS b
FROM t7;
a	b
1	1
0	0
0	0
SELECT dt1 <= 20170101 AS a,
dt2 <= 20170101 AS b
FROM t7;
a	b
1	1
0	0
0	0
SELECT dt1 <= '2017-01-01 11:59:59' AS a,
dt2 <= '2017-01-01 11:59:59' AS b
FROM t7;
a	b
1	1
1	0
0	0
SELECT dt1 <= 20170101115959 AS a,
dt2 <= 20170101115959 AS b
FROM t7;
a	b
1	1
1	0
0	0
SELECT dt1 > '2017-01-01' AS a,
dt2 > '2017-01-01' AS b
FROM t7;
a	b
0	0
1	1
1	1
SELECT dt1 > 20170101 AS a,
dt2 > 20170101 AS b
FROM t7;
a	b
0	0
1	1
1	1
SELECT dt1 > '2017-01-01 11:59:59' AS a,
dt2 > '2017-01-01 11:59:59' AS b
FROM t7;
a	b
0	0
0	1
1	1
SELECT dt1 > 20170101115959 AS a,
dt2 > 20170101115959 AS b
FROM t7;
a	b
0	0
0	1
1	1
SELECT dt1 = '2017-01-01' AS a,
dt2 = '2017-01-01' AS b
FROM t7;
a	b
0	0
0	0
0	0
SELECT dt1 = 20170101 AS a,
dt2 = 20170101 AS b
FROM t7;
a	b
0	0
0	0
0	0
SELECT dt1 = '2017-01-01 11:59:59.555555' AS a,
dt2 = '2017-01-01 11:59:59.555555' AS b
FROM t7;
a	b
0	0
0	1
0	0
SELECT dt1 = 20170101115959.555555 AS a,
dt2 = 20170101115959.555555 AS b
FROM t7;
a	b
0	0
0	0
0	0
SELECT dt1 <> '2017-01-01' AS a,
dt2 <> '2017-01-01' AS b
FROM t7;
a	b
1	1
1	1
1	1
SELECT dt1 <> 20170101 AS a,
dt2 <> 20170101 AS b
FROM t7;
a	b
1	1
1	1
1	1
SELECT dt1 <> '2017-01-01 11:59:59.555555' AS a,
dt2 <> '2017-01-01 11:59:59.555555' AS b
FROM t7;
a	b
1	1
1	0
1	1
SELECT dt1 <> 20170101115959.555555 AS a,
dt2 <> 20170101115959.555555 AS b
FROM t7;
a	b
1	1
1	1
1	1
SELECT dt1 < '2017-01-01' AS a,
dt2 < '2017-01-01' AS b
FROM t7;
a	b
1	1
0	0
0	0
SELECT dt1 < 20170101 AS a,
dt2 < 20170101 AS b
FROM t7;
a	b
1	1
0	0
0	0
SELECT dt1 < '2017-01-01 11:59:59.555555' AS a,
dt2 < '2017-01-01 11:59:59.555555' AS b
FROM t7;
a	b
1	1
1	0
0	0
SELECT dt1 < 20170101115959.555555 AS a,
dt2 < 20170101115959.555555 AS b
FROM t7;
a	b
1	1
1	1
0	0
SELECT dt1 >= '2017-01-01' AS a,
dt2 >= '2017-01-01' AS b
FROM t7;
a	b
0	0
1	1
1	1
SELECT dt1 >= 20170101 AS a,
dt2 >= 20170101 AS b
FROM t7;
a	b
0	0
1	1
1	1
SELECT dt1 >= '2017-01-01 11:59:59.555555' AS a,
dt2 >= '2017-01-01 11:59:59.555555' AS b
FROM t7;
a	b
0	0
0	1
1	1
SELECT dt1 >= 20170101115959.555555 AS a,
dt2 >= 20170101115959.555555 AS b
FROM t7;
a	b
0	0
0	0
1	1
SELECT dt1 <= '2017-01-01' AS a,
dt2 <= '2017-01-01' AS b
FROM t7;
a	b
1	1
0	0
0	0
SELECT dt1 <= 20170101 AS a,
dt2 <= 20170101 AS b
FROM t7;
a	b
1	1
0	0
0	0
SELECT dt1 <= '2017-01-01 11:59:59.555555' AS a,
dt2 <= '2017-01-01 11:59:59.555555' AS b
FROM t7;
a	b
1	1
1	1
0	0
SELECT dt1 <= 20170101115959.555555 AS a,
dt2 <= 20170101115959.555555 AS b
FROM t7;
a	b
1	1
1	1
0	0
SELECT dt1 > '2017-01-01' AS a,
dt2 > '2017-01-01' AS b
FROM t7;
a	b
0	0
1	1
1	1
SELECT dt1 > 20170101 AS a,
dt2 > 20170101 AS b
FROM t7;
a	b
0	0
1	1
1	1
SELECT dt1 > '2017-01-01 11:59:59.555555' AS a,
dt2 > '2017-01-01 11:59:59.555555' AS b
FROM t7;
a	b
0	0
0	0
1	1
SELECT dt1 > 20170101115959.555555 AS a,
dt2 > 20170101115959.555555 AS b
FROM t7;
a	b
0	0
0	0
1	1
SELECT dt1 = '9999-12-31' AS a,
dt2 = '9999-12-31' AS b
FROM t7;
a	b
0	0
0	0
0	0
SELECT dt1 = 99991231 AS a,
dt2 = 99991231 AS b
FROM t7;
a	b
0	0
0	0
0	0
SELECT dt1 = '9999-12-31 23:59:59.999999' AS a,
dt2 = '9999-12-31 23:59:59.999999' AS b
FROM t7;
a	b
0	0
0	0
0	1
SELECT dt1 = 99991231235959.999999 AS a,
dt2 = 99991231235959.999999 AS b
FROM t7;
a	b
0	0
0	0
0	0
SELECT dt1 <> '9999-12-31' AS a,
dt2 <> '9999-12-31' AS b
FROM t7;
a	b
1	1
1	1
1	1
SELECT dt1 <> 99991231 AS a,
dt2 <> 99991231 AS b
FROM t7;
a	b
1	1
1	1
1	1
SELECT dt1 <> '9999-12-31 23:59:59.999999' AS a,
dt2 <> '9999-12-31 23:59:59.999999' AS b
FROM t7;
a	b
1	1
1	1
1	0
SELECT dt1 <> 99991231235959.999999 AS a,
dt2 <> 99991231235959.999999 AS b
FROM t7;
a	b
1	1
1	1
1	1
SELECT dt1 < '9999-12-31' AS a,
dt2 < '9999-12-31' AS b
FROM t7;
a	b
1	1
1	1
0	0
SELECT dt1 < 99991231 AS a,
dt2 < 99991231 AS b
FROM t7;
a	b
1	1
1	1
0	0
SELECT dt1 < '9999-12-31 23:59:59.999999' AS a,
dt2 < '9999-12-31 23:59:59.999999' AS b
FROM t7;
a	b
NULL	1
NULL	1
NULL	0
SELECT dt1 < 99991231235959.999999 AS a,
dt2 < 99991231235959.999999 AS b
FROM t7;
a	b
1	1
1	1
1	1
SELECT dt1 >= '9999-12-31' AS a,
dt2 >= '9999-12-31' AS b
FROM t7;
a	b
0	0
0	0
1	1
SELECT dt1 >= 99991231 AS a,
dt2 >= 99991231 AS b
FROM t7;
a	b
0	0
0	0
1	1
SELECT dt1 >= '9999-12-31 23:59:59.999999' AS a,
dt2 >= '9999-12-31 23:59:59.999999' AS b
FROM t7;
a	b
NULL	0
NULL	0
NULL	1
SELECT dt1 >= 99991231235959.999999 AS a,
dt2 >= 99991231235959.999999 AS b
FROM t7;
a	b
0	0
0	0
0	0
SELECT dt1 <= '9999-12-31' AS a,
dt2 <= '9999-12-31' AS b
FROM t7;
a	b
1	1
1	1
0	0
SELECT dt1 <= 99991231 AS a,
dt2 <= 99991231 AS b
FROM t7;
a	b
1	1
1	1
0	0
SELECT dt1 <= '9999-12-31 23:59:59.999999' AS a,
dt2 <= '9999-12-31 23:59:59.999999' AS b
FROM t7;
a	b
1	1
1	1
1	1
SELECT dt1 <= 99991231235959.999999 AS a,
dt2 <= 99991231235959.999999 AS b
FROM t7;
a	b
1	1
1	1
1	1
SELECT dt1 > '9999-12-31' AS a,
dt2 > '9999-12-31' AS b
FROM t7;
a	b
0	0
0	0
1	1
SELECT dt1 > 99991231 AS a,
dt2 > 99991231 AS b
FROM t7;
a	b
0	0
0	0
1	1
SELECT dt1 > '9999-12-31 23:59:59.999999' AS a,
dt2 > '9999-12-31 23:59:59.999999' AS b
FROM t7;
a	b
0	0
0	0
0	0
SELECT dt1 > 99991231235959.999999 AS a,
dt2 > 99991231235959.999999 AS b
FROM t7;
a	b
0	0
0	0
0	0
SELECT dt1 = '9999-12-31' AS a,
dt2 = '9999-12-31' AS b
FROM t7;
a	b
0	0
0	0
0	0
SELECT dt1 = 99991231 AS a,
dt2 = 99991231 AS b
FROM t7;
a	b
0	0
0	0
0	0
SELECT dt1 = '9999-12-31 23:59:59.999999' AS a,
dt2 = '9999-12-31 23:59:59.999999' AS b
FROM t7;
a	b
0	0
0	0
0	1
SELECT dt1 = 99991231235959.999999 AS a,
dt2 = 99991231235959.999999 AS b
FROM t7;
a	b
0	0
0	0
0	0
SELECT dt1 <> '9999-12-31' AS a,
dt2 <> '9999-12-31' AS b
FROM t7;
a	b
1	1
1	1
1	1
SELECT dt1 <> 99991231 AS a,
dt2 <> 99991231 AS b
FROM t7;
a	b
1	1
1	1
1	1
SELECT dt1 <> '9999-12-31 23:59:59.999999' AS a,
dt2 <> '9999-12-31 23:59:59.999999' AS b
FROM t7;
a	b
1	1
1	1
1	0
SELECT dt1 <> 99991231235959.999999 AS a,
dt2 <> 99991231235959.999999 AS b
FROM t7;
a	b
1	1
1	1
1	1
SELECT dt1 < '9999-12-31' AS a,
dt2 < '9999-12-31' AS b
FROM t7;
a	b
1	1
1	1
0	0
SELECT dt1 < 99991231 AS a,
dt2 < 99991231 AS b
FROM t7;
a	b
1	1
1	1
0	0
SELECT dt1 < '9999-12-31 23:59:59.999999' AS a,
dt2 < '9999-12-31 23:59:59.999999' AS b
FROM t7;
a	b
NULL	1
NULL	1
NULL	0
SELECT dt1 < 99991231235959.999999 AS a,
dt2 < 99991231235959.999999 AS b
FROM t7;
a	b
1	1
1	1
1	1
SELECT dt1 >= '9999-12-31' AS a,
dt2 >= '9999-12-31' AS b
FROM t7;
a	b
0	0
0	0
1	1
SELECT dt1 >= 99991231 AS a,
dt2 >= 99991231 AS b
FROM t7;
a	b
0	0
0	0
1	1
SELECT dt1 >= '9999-12-31 23:59:59.999999' AS a,
dt2 >= '9999-12-31 23:59:59.999999' AS b
FROM t7;
a	b
NULL	0
NULL	0
NULL	1
SELECT dt1 >= 99991231235959.999999 AS a,
dt2 >= 99991231235959.999999 AS b
FROM t7;
a	b
0	0
0	0
0	0
SELECT dt1 <= '9999-12-31' AS a,
dt2 <= '9999-12-31' AS b
FROM t7;
a	b
1	1
1	1
0	0
SELECT dt1 <= 99991231 AS a,
dt2 <= 99991231 AS b
FROM t7;
a	b
1	1
1	1
0	0
SELECT dt1 <= '9999-12-31 23:59:59.999999' AS a,
dt2 <= '9999-12-31 23:59:59.999999' AS b
FROM t7;
a	b
1	1
1	1
1	1
SELECT dt1 <= 99991231235959.999999 AS a,
dt2 <= 99991231235959.999999 AS b
FROM t7;
a	b
1	1
1	1
1	1
SELECT dt1 > '9999-12-31' AS a,
dt2 > '9999-12-31' AS b
FROM t7;
a	b
0	0
0	0
1	1
SELECT dt1 > 99991231 AS a,
dt2 > 99991231 AS b
FROM t7;
a	b
0	0
0	0
1	1
SELECT dt1 > '9999-12-31 23:59:59.999999' AS a,
dt2 > '9999-12-31 23:59:59.999999' AS b
FROM t7;
a	b
0	0
0	0
0	0
SELECT dt1 > 99991231235959.999999 AS a,
dt2 > 99991231235959.999999 AS b
FROM t7;
a	b
0	0
0	0
0	0
DROP TABLE t7;
