set sql_mode='traditional';
create table t1 (d date)
DISTRIBUTED BY HASH(d) BUCKETS 1
PROPERTIES (
"replication_num" = "1"
   );
insert into t1 (d) select date_sub('2000-01-01', INTERVAL 2001 YEAR);
insert into t1 (d) select date_add('2000-01-01',interval 8000 year);
insert into t1 values (date_add(NULL, INTERVAL 1 DAY));
insert into t1 values (date_add('2000-01-04', INTERVAL NULL DAY));
set sql_mode='';
insert into t1 (d) select date_sub('2000-01-01', INTERVAL 2001 YEAR);
insert into t1 (d) select date_add('2000-01-01',interval 8000 year);
insert into t1 values (date_add(NULL, INTERVAL 1 DAY));
insert into t1 values (date_add('2000-01-04', INTERVAL NULL DAY));
select * from t1;
d
NULL
NULL
NULL
NULL
NULL
NULL
NULL
NULL
drop table t1;
End of 4.1 tests
SELECT CAST('2006-09-26' AS DATE) + INTERVAL 1 DAY;
CAST('2006-09-26' AS DATE) + INTERVAL 1 DAY
2006-09-27
SELECT CAST('2006-09-26' AS DATE) + INTERVAL 1 MONTH;
CAST('2006-09-26' AS DATE) + INTERVAL 1 MONTH
2006-10-26
SELECT CAST('2006-09-26' AS DATE) + INTERVAL 1 YEAR;
CAST('2006-09-26' AS DATE) + INTERVAL 1 YEAR
2007-09-26
SELECT CAST('2006-09-26' AS DATE) + INTERVAL 1 WEEK;
CAST('2006-09-26' AS DATE) + INTERVAL 1 WEEK
2006-10-03
create table t1 (a int, b varchar(10))
DISTRIBUTED BY HASH(a) BUCKETS 1
PROPERTIES (
"replication_num" = "1"
   );
insert into t1 values (1, '2001-01-01'),(2, '2002-02-02');
select '2007-01-01' + interval a day from t1;
'2007-01-01 00:00:00' + INTERVAL `a` day
2007-01-02 00:00:00
2007-01-03 00:00:00
select b + interval a day from t1;
`b` + INTERVAL `a` day
2001-01-02 00:00:00
2002-02-04 00:00:00
drop table t1;
End of 5.0 tests
#
# Bug #27004806: UBSAN: ITEM_DATE_ADD_INTERVAL - NEGATION OF XYZ AND SIGNED INTEGER OVERFLOW
#
SELECT ADDDATE('8112-06-20', REPEAT('1', 32));
adddate('8112-06-20 00:00:00', repeat('1', 32))
NULL
# Bug#32915973: Prepare DATE_ADD/DATE_SUB incorrectly returns DATETIME
SELECT ADDDATE(DATE'2021-01-01', INTERVAL 1 DAY);
adddate('2021-01-01 00:00:00', INTERVAL 1 DAY)
2021-01-02 00:00:00
SELECT ADDDATE(DATE'2021-01-01', INTERVAL 1 HOUR);
adddate('2021-01-01 00:00:00', INTERVAL 1 HOUR)
2021-01-01 01:00:00
SELECT ADDDATE(TIMESTAMP'2021-01-01 00:00:00', INTERVAL 1 DAY);
adddate('2021-01-01 00:00:00', INTERVAL 1 DAY)
2021-01-02 00:00:00
SELECT ADDDATE(TIMESTAMP'2021-01-01 00:00:00', INTERVAL 1 HOUR);
adddate('2021-01-01 00:00:00', INTERVAL 1 HOUR)
2021-01-01 01:00:00
SELECT ADDDATE('2021-01-01', INTERVAL 1 DAY);
adddate('2021-01-01 00:00:00', INTERVAL 1 DAY)
2021-01-02 00:00:00
SELECT ADDDATE('2021-01-01', INTERVAL 1 HOUR);
adddate('2021-01-01 00:00:00', INTERVAL 1 HOUR)
2021-01-01 01:00:00
SELECT ADDDATE('2021-01-01 00:00:00', INTERVAL 1 DAY);
adddate('2021-01-01 00:00:00', INTERVAL 1 DAY)
2021-01-02 00:00:00
SELECT ADDDATE('2021-01-01 00:00:00', INTERVAL 1 HOUR);
adddate('2021-01-01 00:00:00', INTERVAL 1 HOUR)
2021-01-01 01:00:00
SELECT ADDDATE('00:00:00', INTERVAL 1 DAY);
adddate('00:00:00', INTERVAL 1 DAY)
NULL
SELECT ADDDATE('00:00:00', INTERVAL 1 HOUR);
adddate('00:00:00', INTERVAL 1 HOUR)
NULL
