select find_in_set("b","a,b,c"),find_in_set("c","a,b,c"),find_in_set("dd","a,bbb,dd"),find_in_set("bbb","a,bbb,dd");
find_in_set('b', 'a,b,c')	find_in_set('c', 'a,b,c')	find_in_set('dd', 'a,bbb,dd')	find_in_set('bbb', 'a,bbb,dd')
2	3	3	2
select find_in_set("d","a,b,c"),find_in_set("dd","a,bbb,d"),find_in_set("bb","a,bbb,dd");
find_in_set('d', 'a,b,c')	find_in_set('dd', 'a,bbb,d')	find_in_set('bb', 'a,bbb,dd')
0	0	0
select elt(2,1),field(NULL,"a","b","c");
elt(2, '1')	field(NULL, 'a', 'b', 'c')
NULL	NULL
select field("b","a",NULL),field(1,0,NULL)+0,field(1.0,0.0,NULL)+0.0,field(1.0e1,0.0e1,NULL)+0.0e1;
field('b', 'a', NULL)	field(1, 0, NULL) + 0	field(1.0, 0.0, NULL) + 0.0	field(10, 0, NULL) + 0.0
NULL	NULL	NULL	NULL
select field(NULL,"a",NULL),field(NULL,0,NULL)+0,field(NULL,0.0,NULL)+0.0,field(NULL,0.0e1,NULL)+0.0e1;
field(NULL, 'a', NULL)	field(NULL, 0, NULL) + 0	field(NULL, 0.0, NULL) + 0.0	field(NULL, 0, NULL) + 0.0
NULL	NULL	NULL	NULL
select find_in_set("","a,b,c"),find_in_set("","a,b,c,"),find_in_set("",",a,b,c");
find_in_set('', 'a,b,c')	find_in_set('', 'a,b,c,')	find_in_set('', ',a,b,c')
0	0	1
select find_in_set("abc","abc"),find_in_set("ab","abc"),find_in_set("abcd","abc");
find_in_set('abc', 'abc')	find_in_set('ab', 'abc')	find_in_set('abcd', 'abc')
1	0	0
drop table if exists t1;
drop table if exists t2;
create  table t1 (id int(10) not null)
UNIQUE KEY(`id`)
DISTRIBUTED BY HASH(id) BUCKETS 1
PROPERTIES (
"replication_num" = "1"
  );
create  table t2 (id int(10) not null, val int(10) not null)
UNIQUE KEY(`id`)
DISTRIBUTED BY HASH(id) BUCKETS 1
PROPERTIES (
"replication_num" = "1"
  );
insert into t1 values (1),(2),(4);
insert into t2 values (1,1),(2,1),(3,1),(4,2);
select one.id, elt(two.val,'one','two') from t1 one, t2 two where two.id=one.id;
id	elt(`two`.`val`, 'one', 'two')
1	one
2	one
4	two
select one.id, elt(two.val,'one','two') from t1 one, t2 two where two.id=one.id order by one.id;
id	elt(`two`.`val`, 'one', 'two')
1	one
2	one
4	two
drop table t1;
drop table t2;
select find_in_set('1','3,1,');
find_in_set('1', '3,1,')
2
